"","bias","bias_se","relbias","relbias_se","coverage","coverage_se","mse","mse_se","postprob","postprob_se","postsup","postsup_se","model","category","effectsize","controlprob","sampsize","design","prior","stopping","stopping_se"
"1",-0.0143046406703146,0.00579819017443118,-0.0142028154008103,0.00571573067470715,0.946,0.00715088352129531,0.0337900130342783,0.00137806462586156,0.95099075,0.0029979269049904,0.757,0.0135696401991772,"Dirichlet (1)",10,"Moderate [OR = 1.50]","Skewed",500,"Adaptive","Alpha",0.226,0.0132325016190855
"2",0.031755358955209,0.00683054611866617,0.0322649400390305,0.00712345329579761,0.94,0.00954469609687934,0.0415997396299629,0.00191847848655672,0.960781444444444,0.00272408862445016,0.796666666666667,0.0129353957041248,"Dirichlet (0)",10,"Moderate [OR = 1.50]","Skewed",500,"Adaptive","Alpha",0.316666666666667,0.0161123576587216
"3",0.00927078413417434,0.00605246701784244,0.00931389096179203,0.00610870654617483,0.949,0.00696042006257131,0.036681672083531,0.0015377729582353,0.9568918,0.00277308231004015,0.783,0.0130415137572704,"Dirichlet (0.5)",10,"Moderate [OR = 1.50]","Skewed",500,"Adaptive","Alpha",0.264,0.0139462718494403
"4",0.0270906757867399,0.0066727916722268,0.0274609643709634,0.00690300079833158,0.942286348501665,0.00942764908127967,0.0403961159160125,0.00175642037420265,0.960018701442841,0.00270352188466951,0.796892341842397,0.0130122634376695,"Dirichlet (1/J)",10,"Moderate [OR = 1.50]","Skewed",500,"Adaptive","Alpha",0.310765815760266,0.0160696115617002
"5",0.0406407086659615,0.00644967406040579,0.0414778443510353,0.00671703113761125,0.939,0.0075720760915573,0.0432083643908574,0.00186861291471486,0.96250865,0.00255168378582068,0.81,0.0124118513548174,"Normal",10,"Moderate [OR = 1.50]","Skewed",500,"Adaptive","Alpha",0.328,0.01485384248727
"6",0.0331047751184225,NA,0.0336588352947169,NA,0.942,NA,0.0410507167924487,NA,NA,NA,NA,NA,"Frequentist",10,"Moderate [OR = 1.50]","Skewed",500,"Adaptive","Alpha",0.305,NA
