"","bias","bias_se","relbias","relbias_se","coverage","coverage_se","mse","mse_se","postprob","postprob_se","postsup","postsup_se","model","category","effectsize","controlprob","sampsize","design","prior","stopping","stopping_se"
"1",-0.304952955309345,0.00872093789100589,-0.262841947051535,0.00642873533458763,0.872,0.0105701337611084,0.168975007892987,0.00630568256153618,0.2335047,0.00682416468232718,0,0,"Dirichlet (1)",30,"None [OR = 1.00]","Skewed",100,"Adaptive","Alpha",0,0
"2",0.0527054739825406,0.0152681170682107,0.054119133884351,0.0160932111187672,0.52,0.0158066394230366,0.235660150397504,0.0110918975722681,0.5264068,0.0119608805268158,0.276,0.0141429849757403,"Dirichlet (0)",30,"None [OR = 1.00]","Skewed",100,"Adaptive","Alpha",0.183,0.0122335873994778
"3",-0.199989592230505,0.00972876009756138,-0.181260725716718,0.00796534382634382,0.93,0.00807249435832334,0.13454996126339,0.0056446243478658,0.3297558,0.00817506041256636,0.006,0.00244335219932984,"Dirichlet (0.5)",30,"None [OR = 1.00]","Skewed",100,"Adaptive","Alpha",0,0
"4",0.0274672683948354,0.01528432359789,0.0278479714426796,0.0157085575294571,0.501,0.0158192682905765,0.234131388130247,0.0108564845455465,0.508002,0.01212327097487,0.279,0.0141901501176116,"Dirichlet (1/J)",30,"None [OR = 1.00]","Skewed",100,"Adaptive","Alpha",0.171,0.0119122164562647
"5",-0.00916524691738768,0.0143690414062035,-0.0091233740645168,0.0142358131297416,0.904,0.00932045443478408,0.206346883333314,0.0124360032663169,0.48016245,0.0098502741933502,0.079,0.0085341567733333,"Normal",30,"None [OR = 1.00]","Skewed",100,"Adaptive","Alpha",0.021,0.00453647215130653
"6",-0.021741389053773,NA,-0.0215067486009777,NA,0.946,NA,0.134056671389935,NA,NA,NA,NA,NA,"Frequentist",30,"None [OR = 1.00]","Skewed",100,"Adaptive","Alpha",0.003,NA
