"","bias","bias_se","relbias","relbias_se","coverage","coverage_se","mse","mse_se","postprob","postprob_se","postsup","postsup_se","model","category","effectsize","controlprob","sampsize","design","prior"
"1",-0.00222303077143121,0.010898538822833,-0.00222056166849538,0.0108745177666846,0.942,0.00739531545579282,0.118664312190136,0.00528998813522122,0.5008836,0.00913093268690402,0.046,0.00662781471738071,"Dirichlet (1)",10,"None [OR = 1.00]","Symmetric",100,"Fixed","Alpha"
"2",-0.000328190043064073,0.0117126729482602,-0.000328136194602924,0.011709014463532,0.935,0.00779973306183187,0.137049628594018,0.00611037796331766,0.5021188,0.00926060098574487,0.055,0.00721297629463919,"Dirichlet (0)",10,"None [OR = 1.00]","Symmetric",100,"Fixed","Alpha"
"3",-0.0011666477812239,0.0112244130226156,-0.0011659675122716,0.0112115089749927,0.941,0.00745483565040652,0.125862821321605,0.00560939796017278,0.5014503,0.00917648951204518,0.049,0.00682976175614095,"Dirichlet (0.5)",10,"None [OR = 1.00]","Symmetric",100,"Fixed","Alpha"
"4",-0.00016678833086021,0.0115919807679821,-0.000166774422459826,0.0115902353646128,0.937,0.00768700787628629,0.134239671925489,0.00600067915896583,0.50221525,0.00922786712282818,0.053,0.00708810561724648,"Dirichlet (1/J)",10,"None [OR = 1.00]","Symmetric",100,"Fixed","Alpha"
"5",0.000380840053656961,0.0123818578898093,0.000380912582437221,0.0123867794481104,0.925,0.00833333333333315,0.153157239437776,0.00684777822783308,0.5027276,0.00946256596875041,0.061,0.00757207609155746,"Normal",10,"None [OR = 1.00]","Symmetric",100,"Fixed","Alpha"
"6",0.000385638394757237,NA,0.000385712762802415,NA,0.938,NA,0.132508180693812,NA,NA,NA,NA,NA,"Frequentist",10,"None [OR = 1.00]","Symmetric",100,"Fixed","Alpha"
