"","bias","bias_se","relbias","relbias_se","coverage","coverage_se","mse","mse_se","postprob","postprob_se","postsup","postsup_se","model","category","effectsize","controlprob","sampsize","design","prior","stopping","stopping_se"
"1",-0.0458419678233492,0.0130530986407134,-0.0448070985228896,0.0124666356901629,0.939,0.0075720760915573,0.172314486753986,0.00947626767787962,0.7443714,0.00767668525886036,0.243,0.0135696401991776,"Dirichlet (1)",4,"Moderate [OR = 1.50]","Skewed",100,"Adaptive","Alpha",0.038,0.00604918115058501
"2",0.0447808028289447,0.0153638118074651,0.0457985986886033,0.0162089679929811,0.9248730964467,0.00880677744817099,0.231308411881348,0.015077958879061,0.776006497461929,0.00742356055263797,0.291370558375635,0.0146016446006342,"Dirichlet (0)",4,"Moderate [OR = 1.50]","Skewed",100,"Adaptive","Alpha",0.0690355329949239,0.0087577580936923
"3",-0.00129607280769017,0.0139655470585935,-0.00129523326806943,0.0139451446189648,0.932,0.00796488791129144,0.194843147945868,0.0115672036669022,0.761566,0.00751957249047046,0.269,0.0140298195225679,"Dirichlet (0.5)",4,"Moderate [OR = 1.50]","Skewed",100,"Adaptive","Alpha",0.051,0.00696042006257146
"4",0.021698860273872,0.0144881995555123,0.0219359926036519,0.0148121115432891,0.925851703406814,0.00829800562772245,0.209247196096314,0.0130268147596971,0.769916733466934,0.00744109573590226,0.281563126252505,0.0142286310216996,"Dirichlet (1/J)",4,"Moderate [OR = 1.50]","Skewed",100,"Adaptive","Alpha",0.0571142284569138,0.00740968598039056
"5",0.0559388065942628,0.0153479259855914,0.0575329677125607,0.0162273456848216,0.923,0.0084345801402414,0.238452423310322,0.0153193943794494,0.7795464,0.00734417506493583,0.304,0.014553205687951,"Normal",4,"Moderate [OR = 1.50]","Skewed",100,"Adaptive","Alpha",0.072,0.00817819557621873
"6",0.0340081027431801,NA,0.0345929897354469,NA,0.925,NA,0.209040207195544,NA,NA,NA,NA,NA,"Frequentist",4,"Moderate [OR = 1.50]","Skewed",100,"Adaptive","Alpha",0.051,NA
