"","bias","bias_se","relbias","relbias_se","coverage","coverage_se","mse","mse_se","postprob","postprob_se","postsup","postsup_se","model","category","effectsize","controlprob","sampsize","design","prior","stopping","stopping_se"
"1",0.0172894598528877,0.00572524726542487,0.0174397876764991,0.00582486084487444,0.933,0.00791034598317827,0.0330446032160093,0.00188485372688945,0.6789886,0.00857091063943781,0.159,0.0115694793682713,"R-square",30,"Small [OR = 1.10]","Skewed",500,"Adaptive","Beta",0.031,0.00548352706467919
"2",-0.0793113698830814,0.00464413221185257,-0.0762477489694073,0.00429002396584916,0.925,0.00833333333333315,0.0278366894298964,0.00126910190595638,0.53156345,0.00888805720179721,0.056,0.00727440148169708,"Normal - large SD",30,"Small [OR = 1.10]","Skewed",500,"Adaptive","Beta",0.003,0.00173031615434694
"3",-0.079265283667591,0.00463649578314585,-0.0762051757430947,0.00428316290011406,0.923,0.0084345801402414,0.0277585812488858,0.00126574129774962,0.5314828,0.00887678506483334,0.057,0.00733517585370689,"Normal - small SD",30,"Small [OR = 1.10]","Skewed",500,"Adaptive","Beta",0.004,0.00199699473909873
"4",-0.0795566695364676,0.00461945640258144,-0.0764743172866988,0.00426619077271246,0.923,0.0084345801402414,0.02764730174563,0.00126016490546359,0.5315064,0.00887931500674628,0.056,0.00727440148169708,"Laplace - large SD",30,"Small [OR = 1.10]","Skewed",500,"Adaptive","Beta",0.002,0.00141350557055782
"5",-0.0804985860163544,0.00437709527730779,-0.0773437917963768,0.00403855610412844,0.929,0.00812557844248778,0.0256198264541959,0.0011783511324053,0.53077015,0.00870534622225491,0.051,0.00696042006257146,"Laplace - small SD",30,"Small [OR = 1.10]","Skewed",500,"Adaptive","Beta",0.002,0.00141350557055782
"6",-0.0797607688962813,0.00457293504311966,-0.0766627890531744,0.00422236616365656,0.924,0.00838416926679627,0.0272526034286092,0.00123960430384012,0.5313992,0.0088502184564047,0.055,0.00721297629463919,"Cauchy",30,"Small [OR = 1.10]","Skewed",500,"Adaptive","Beta",0.002,0.00141350557055782
"7",0.00984000783854259,NA,0.00988857990144193,NA,0.936,NA,0.0287246557402976,NA,NA,NA,NA,NA,"Frequentist",30,"Small [OR = 1.10]","Skewed",500,"Adaptive","Beta",0.023,NA
