"","bias","bias_se","relbias","relbias_se","coverage","coverage_se","mse","mse_se","postprob","postprob_se","postsup","postsup_se","model","category","effectsize","controlprob","sampsize","design","prior"
"1",0.00577380823042881,0.00919069002760786,0.00579050878763693,0.00924373803086272,0.964,0.0058939578161654,0.0844176512618687,0.00379009631863729,0.59030165,0.00846006843782897,0.071,0.00812557844248789,"Dirichlet (1)",30,"Small [OR = 1.10]","Uniform",100,"Fixed","Alpha"
"2",-0.0119245696208793,0.0118062917118173,-0.0118537537031626,0.0116660795709926,0.778,0.0131487219488771,0.139391330821184,0.00592062792097064,0.5618894,0.0103331517320395,0.165,0.0117436328669162,"Dirichlet (0)",30,"Small [OR = 1.10]","Uniform",100,"Fixed","Alpha"
"3",0.00775546178449518,0.00988590056407726,0.00778561327408056,0.00996265112667023,0.96,0.00619987406633689,0.097693446120351,0.00432084340635581,0.58633525,0.00863329413999346,0.076,0.0083841692667965,"Dirichlet (0.5)",30,"Small [OR = 1.10]","Uniform",100,"Fixed","Alpha"
"4",-0.0108757593583405,0.0118982377394404,-0.0108168321072029,0.0117693068238447,0.81,0.0124118513548174,0.14154477538456,0.00668741072290435,0.56787465,0.00994270104317275,0.157,0.0115101469792303,"Dirichlet (1/J)",30,"Small [OR = 1.10]","Uniform",100,"Fixed","Alpha"
"5",0.0298787344622542,0.0130911933686712,0.0303295829066153,0.0134877674343921,0.918,0.0086805156155245,0.172100703245191,0.00761910583982804,0.58454505,0.00951991259565053,0.123,0.0103912934218499,"Normal",30,"Small [OR = 1.10]","Uniform",100,"Fixed","Alpha"
"6",0.00887597987879871,NA,0.00891548819335972,NA,0.947,NA,0.121399528541614,NA,NA,NA,NA,NA,"Frequentist",30,"Small [OR = 1.10]","Uniform",100,"Fixed","Alpha"
