"","bias","bias_se","relbias","relbias_se","coverage","coverage_se","mse","mse_se","postprob","postprob_se","postsup","postsup_se","model","category","effectsize","controlprob","sampsize","design","prior","stopping","stopping_se"
"1",0.126671441116276,0.0130957757345313,0.135044027711518,0.014862344629473,0.921,0.00853415677333318,0.187373496741524,0.0100275170906872,0.8504092,0.00593042082035219,0.435,0.0156850572527179,"Dirichlet (1)",30,"Moderate [OR = 1.50]","Symmetric",100,"Adaptive","Alpha",0.141,0.0110109145959925
"2",0.0550111283960598,0.0156977234811171,0.0565523723433296,0.0165838725294262,0.631,0.0152666981391544,0.249198328214533,0.0128409010184469,0.799207,0.00913830511563161,0.57,0.0156635036101549,"Dirichlet (0)",30,"Moderate [OR = 1.50]","Symmetric",100,"Adaptive","Alpha",0.372,0.0152921499420402
"3",0.102105592682061,0.0132137259836154,0.107500409492561,0.0146322323680202,0.926,0.00828206451270391,0.184853503872658,0.00996819588753281,0.8329527,0.00626794992513292,0.394,0.015459721957493,"Dirichlet (0.5)",30,"Moderate [OR = 1.50]","Symmetric",100,"Adaptive","Alpha",0.113,0.0100165528666968
"4",0.0432108089907959,0.0152973522006947,0.0441579895428346,0.0159713130292063,0.68,0.0147586523035746,0.235642149381386,0.0115846458941065,0.80287525,0.00898325271570836,0.573,0.0156497896444618,"Dirichlet (1/J)",30,"Moderate [OR = 1.50]","Symmetric",100,"Adaptive","Alpha",0.359,0.015177264224799
"5",0.28096148068797,0.0211182894675733,0.324402587876177,0.0279615085005679,0.82,0.0121551531355131,0.52447552151656,0.0296560350448206,0.8226184,0.00726591910751264,0.448,0.0157335165663475,"Normal",30,"Moderate [OR = 1.50]","Symmetric",100,"Adaptive","Alpha",0.196,0.0125595279267074
"6",0.0549401491583155,NA,0.0564773817227238,NA,0.923,NA,0.183713995490535,NA,NA,NA,NA,NA,"Frequentist",30,"Moderate [OR = 1.50]","Symmetric",100,"Adaptive","Alpha",0.055,NA
