"","bias","bias_se","relbias","relbias_se","coverage","coverage_se","mse","mse_se","postprob","postprob_se","postsup","postsup_se","model","category","effectsize","controlprob","sampsize","design","prior","stopping","stopping_se"
"1",-0.00942466091326192,0.00534805889234604,-0.00938038799152296,0.00529769171851688,0.951,0.00682976175614081,0.0286619564154155,0.00157829229613287,0.4764827,0.00904042047518139,0.044,0.00648892179842738,"Dirichlet (1)",4,"None [OR = 1.00]","Skewed",500,"Adaptive","Alpha",0.01,0.00314800093867678
"2",0.00471916826498764,0.0054897938141135,0.00473032107664095,0.00551550339697094,0.945,0.00721297629463904,0.0301299688344706,0.00177329210330643,0.49938715,0.00907765887318949,0.055,0.00721297629463919,"Dirichlet (0)",4,"None [OR = 1.00]","Skewed",500,"Adaptive","Alpha",0.013,0.00358383088940366
"3",-0.00242315128221918,0.00542986418454697,-0.00242021782103607,0.00541648961059268,0.949,0.00696042006257131,0.0294598132996999,0.00167881695115951,0.48769425,0.00907085767159513,0.051,0.00696042006257146,"Dirichlet (0.5)",4,"None [OR = 1.00]","Skewed",500,"Adaptive","Alpha",0.012,0.00344497719409982
"4",0.00103201817454115,0.0054472139467526,0.00103255088853849,0.00545259596271305,0.947,0.00708810561724633,0.0296435327034269,0.0017174232284159,0.4935987,0.00906830039921706,0.054,0.00715088352129551,"Dirichlet (1/J)",4,"None [OR = 1.00]","Skewed",500,"Adaptive","Alpha",0.012,0.00344497719409982
"5",0.0044225026246522,0.00548144484991556,0.00443229632161257,0.0055054882324794,0.946,0.00715088352129531,0.0300357499344882,0.00176225570082808,0.49929885,0.00908255128661828,0.056,0.00727440148169708,"Normal",4,"None [OR = 1.00]","Skewed",500,"Adaptive","Alpha",0.012,0.00344497719409982
"6",0.00424593441118909,NA,0.00425496116184321,NA,0.946,NA,0.029716751910896,NA,NA,NA,NA,NA,"Frequentist",4,"None [OR = 1.00]","Skewed",500,"Adaptive","Alpha",0.012,NA
