"","bias","bias_se","relbias","relbias_se","coverage","coverage_se","mse","mse_se","postprob","postprob_se","postsup","postsup_se","model","category","effectsize","controlprob","sampsize","design","prior","stopping","stopping_se"
"1",0.0103241625018981,0.0114773852449042,0.0103776405478138,0.0115955199960631,0.954,0.00662781471738053,0.13170523001925,0.00743256319837993,0.5781339,0.00895785428572013,0.091,0.00909954953840039,"R-square",4,"Small [OR = 1.10]","Uniform",100,"Adaptive","Beta",0.015,0.00384574957450297
"2",0.0260048142163566,0.0126733195490357,0.0263458895127174,0.0130057069761794,0.941,0.00745483565040652,0.161128665726007,0.00944579558334412,0.58158105,0.00914890502090166,0.103,0.00961683333969566,"Normal - large SD",4,"Small [OR = 1.10]","Uniform",100,"Adaptive","Beta",0.023,0.00474273059465679
"3",0.0189233117251024,0.0121297399729491,0.0191034923318419,0.0123603137372261,0.948,0.00702462421381771,0.147341552946193,0.00837768885326337,0.58078385,0.00908878896369058,0.1,0.00949157995752504,"Normal - small SD",4,"Small [OR = 1.10]","Uniform",100,"Adaptive","Beta",0.017,0.00408995448968907
"4",0.0249768082192308,0.012602885315954,0.0252913419166695,0.0129201609123257,0.942,0.00739531545579282,0.159297726517623,0.00935079501481856,0.5814686,0.00913965416480795,0.103,0.00961683333969566,"Laplace - large SD",4,"Small [OR = 1.10]","Uniform",100,"Adaptive","Beta",0.022,0.00464085525927468
"5",0.00559415141576732,0.0108229984721035,0.00560982789937366,0.0108826961875186,0.957,0.0064181143797996,0.11705145316129,0.00704725392220719,0.57786105,0.00872571409036442,0.075,0.00833333333333338,"Laplace - small SD",4,"Small [OR = 1.10]","Uniform",100,"Adaptive","Beta",0.012,0.00344497719409982
"6",0.0132706224513549,0.0116087949278922,0.0133590679707919,0.0117629016296327,0.951,0.00682976175614081,0.134805464978425,0.00760393275832634,0.57992245,0.00898695032893315,0.091,0.00909954953840039,"Cauchy",4,"Small [OR = 1.10]","Uniform",100,"Adaptive","Beta",0.014,0.00371723254825654
"7",0.0220243108364958,NA,0.0222686363740254,NA,0.942,NA,0.162808091223652,NA,NA,NA,NA,NA,"Frequentist",4,"Small [OR = 1.10]","Uniform",100,"Adaptive","Beta",0.016,NA
