"","bias","bias_se","relbias","relbias_se","coverage","coverage_se","mse","mse_se","postprob","postprob_se","postsup","postsup_se","model","category","effectsize","controlprob","sampsize","design","prior"
"1",-0.00957297396296444,0.0101736643439638,-0.00952729891260243,0.010076875162059,0.953,0.0066959566781636,0.103491584567952,0.00473994806267914,0.5752413,0.00877404600213364,0.078,0.00848457353011857,"R-square",10,"Small [OR = 1.10]","Uniform",100,"Fixed","Beta"
"2",-0.000206711779592509,0.0105801311517224,-0.000206690416184596,0.0105781000944994,0.952,0.0067632641336665,0.111827278742218,0.00503413706174802,0.580807,0.00887170977547958,0.085,0.00882342636694224,"Normal - large SD",10,"Small [OR = 1.10]","Uniform",100,"Fixed","Beta"
"3",-0.00205129945113088,0.0103793222476864,-0.00204919697426067,0.0103582086491232,0.953,0.0066959566781636,0.107626807820434,0.00484775729732289,0.5804149,0.00882561672482801,0.082,0.00868051561552366,"Normal - small SD",10,"Small [OR = 1.10]","Uniform",100,"Fixed","Beta"
"4",-0.000369822316187451,0.0105488996279646,-0.000369753940343957,0.0105451551429965,0.952,0.0067632641336665,0.111168140846057,0.00501863180947665,0.5809203,0.00885869595606217,0.084,0.00877616208949116,"Laplace - large SD",10,"Small [OR = 1.10]","Uniform",100,"Fixed","Beta"
"5",-0.0115536752338405,0.00937477957149825,-0.0114871878324279,0.00926714737266979,0.966,0.00573383613969526,0.0879320929335759,0.0042094588424284,0.57756195,0.00849603234812337,0.073,0.00823035471524402,"Laplace - small SD",10,"Small [OR = 1.10]","Uniform",100,"Fixed","Beta"
"6",-0.00497553337874355,0.010050811067966,-0.00496317591602644,0.0100010657454952,0.958,0.00634635929303435,0.100942540253226,0.00456125009862546,0.57976675,0.00874680207381277,0.082,0.00868051561552366,"Cauchy",10,"Small [OR = 1.10]","Uniform",100,"Fixed","Beta"
"7",0.00132148834242955,NA,0.00132236189290228,NA,0.944,NA,0.130083083524388,NA,NA,NA,NA,NA,"Frequentist",10,"Small [OR = 1.10]","Uniform",100,"Fixed","Beta"
