"","bias","bias_se","relbias","relbias_se","coverage","coverage_se","mse","mse_se","postprob","postprob_se","postsup","postsup_se","model","category","effectsize","controlprob","sampsize","design","prior","stopping","stopping_se"
"1",0.0133582122258952,0.0055773510319976,0.0134478317504269,0.00565206706290733,0.93,0.00807249435832334,0.0312541795234626,0.00187002792957203,0.6756978,0.00847796843465099,0.165,0.0117436328669162,"Dirichlet (1)",10,"Weak [OR = 1.10]","Symmetric",500,"Adaptive","Alpha",0.029,0.00530916068575696
"2",0.0130054808028841,0.00566926993562188,0.0130904198934881,0.00574317614621497,0.934,0.00785529793869736,0.0322776235122574,0.00196216744974394,0.6729543,0.00852582681852323,0.168,0.0118286058314544,"Dirichlet (0)",10,"Weak [OR = 1.10]","Symmetric",500,"Adaptive","Alpha",0.028,0.00521950603441007
"3",0.0131722568327873,0.00562218116994266,0.0132593931816065,0.00569643163577623,0.932,0.00796488791129144,0.0317508205366191,0.00191427974916008,0.6742594,0.00850195955311968,0.167,0.0118004343246447,"Dirichlet (0.5)",10,"Weak [OR = 1.10]","Symmetric",500,"Adaptive","Alpha",0.028,0.00521950603441007
"4",0.0128972613075205,0.00565345958482867,0.0129807896916591,0.00572654294043946,0.934,0.00785529793869736,0.0320959830212484,0.00194533733427244,0.67313985,0.00852358750018729,0.171,0.0119122164562647,"Dirichlet (1/J)",10,"Weak [OR = 1.10]","Symmetric",500,"Adaptive","Alpha",0.027,0.00512808904927531
"5",0.0152042578261708,0.00580290304522096,0.0153204305809546,0.00589146611702188,0.926,0.00828206451270391,0.0338711795245271,0.0020723354408412,0.6735566,0.00857942586771743,0.17,0.0118844958345419,"Normal",10,"Weak [OR = 1.10]","Symmetric",500,"Adaptive","Alpha",0.031,0.00548352706467919
"6",0.0127282181519476,NA,0.0128095666948806,NA,0.934,NA,0.0321277091090637,NA,NA,NA,NA,NA,"Frequentist",10,"Weak [OR = 1.10]","Symmetric",500,"Adaptive","Alpha",0.028,NA
