"","bias","bias_se","relbias","relbias_se","coverage","coverage_se","mse","mse_se","postprob","postprob_se","postsup","postsup_se","model","category","effectsize","controlprob","sampsize","design","prior","stopping","stopping_se"
"1",-0.150539233586529,0.0101997839538474,-0.139756021111253,0.00877425603992425,0.944,0.00727440148169693,0.126593617961276,0.0058495615517034,0.45198645,0.0087334150704458,0.025,0.0049395748196985,"Dirichlet (1)",10,"Weak [OR = 1.10]","Skewed",100,"Adaptive","Alpha",0.002,0.00141350557055782
"2",-0.0193985937497976,0.0227623666449026,-0.0192116517853636,0.026202352072769,0.947242206235012,0.0230706018662301,0.139826014324841,0.0166147480947633,0.554318824940048,0.0167839321620617,0.0719424460431655,0.0220848206911197,"Dirichlet (0)",10,"Weak [OR = 1.10]","Skewed",100,"Adaptive","Alpha",0.0119904076738609,0.0180048166540217
"3",-0.0872122659496855,0.0108967365343584,-0.0835174630512848,0.00997435670809413,0.95190380761523,0.00684310219466977,0.12549681300766,0.00620396962335742,0.505166883767535,0.00896010410735263,0.0470941883767535,0.00670905059434799,"Dirichlet (0.5)",10,"Weak [OR = 1.10]","Skewed",100,"Adaptive","Alpha",0.00400801603206413,0.00200099068732043
"4",-0.0323450443156866,0.0229537562004237,-0.0318275379652279,0.0253075467410413,0.94272076372315,0.0229874363273014,0.136009214563334,0.0169317001428733,0.545022792362769,0.017075425193537,0.0692124105011933,0.0215215436601945,"Dirichlet (1/J)",10,"Weak [OR = 1.10]","Skewed",100,"Adaptive","Alpha",0.00954653937947494,0.0178179262332592
"5",0.00131582452498115,0.0128741293958923,0.00131669060189819,0.0128897613277351,0.936,0.0077436402269192,0.165579195888656,0.00980580965167498,0.56496355,0.00922396904558182,0.097,0.00936368937324811,"Normal",10,"Weak [OR = 1.10]","Skewed",100,"Adaptive","Alpha",0.019,0.00431945108291062
"6",-0.0104491958754917,NA,-0.0103947926830273,NA,0.947,NA,0.13921329438983,NA,NA,NA,NA,NA,"Frequentist",10,"Weak [OR = 1.10]","Skewed",100,"Adaptive","Alpha",0.01,NA
