"","bias","bias_se","relbias","relbias_se","coverage","coverage_se","mse","mse_se","postprob","postprob_se","postsup","postsup_se","model","category","effectsize","controlprob","sampsize","design","prior","stopping","stopping_se"
"1",0.0115654869605372,0.00862721967808883,0.0116326257862744,0.00872740741150132,0.967,0.00565180882045222,0.0744882509432635,0.00361623570923975,0.5093046,0.00857490488154629,0.039,0.00612507277642612,"R-square",30,"None [OR = 1.00]","Symmetric",100,"Adaptive","Beta",0.003,0.00173031615434694
"2",0.0205714321393991,0.010946641283922,0.0207844824584007,0.0111731701212701,0.943,0.00733517585370755,0.120132310263733,0.00705551619371578,0.50967645,0.00920994821668678,0.067,0.00791034598317761,"Normal - large SD",30,"None [OR = 1.00]","Symmetric",100,"Adaptive","Beta",0.013,0.00358383088940366
"3",0.0197612101116303,0.0107056305073677,0.0199577553465931,0.0109184062077307,0.946,0.00715088352129531,0.114886419460798,0.00662735588283562,0.5098389,0.00916580106924818,0.064,0.00774364022691942,"Normal - small SD",30,"None [OR = 1.00]","Symmetric",100,"Adaptive","Beta",0.012,0.00344497719409982
"4",0.0211023529914358,0.0109439173931024,0.0213265821188464,0.0111762962582261,0.942,0.00739531545579282,0.120094867880917,0.00708502044965571,0.50986705,0.00920005040770435,0.064,0.00774364022691942,"Laplace - large SD",30,"None [OR = 1.00]","Symmetric",100,"Adaptive","Beta",0.014,0.00371723254825654
"5",0.017635249392419,0.00971132549314432,0.0177916685470363,0.00988330232552456,0.954,0.00662781471738053,0.0945265350120939,0.0058170126833742,0.50945895,0.00883657215779383,0.057,0.00733517585370689,"Laplace - small SD",30,"None [OR = 1.00]","Symmetric",100,"Adaptive","Beta",0.011,0.00329998331660781
"6",0.0190033364414021,0.0103885147930243,0.0191850490629295,0.0105870066430539,0.947,0.00708810561724633,0.108174445161184,0.00620230595581247,0.50972285,0.00909166616407665,0.063,0.0076870078762864,"Cauchy",30,"None [OR = 1.00]","Symmetric",100,"Adaptive","Beta",0.012,0.00344497719409982
"7",0.0188576994901967,NA,0.0190366288676644,NA,0.941,NA,0.13896675805642,NA,NA,NA,NA,NA,"Frequentist",30,"None [OR = 1.00]","Symmetric",100,"Adaptive","Beta",0.007,NA
