"","bias","bias_se","relbias","relbias_se","coverage","coverage_se","mse","mse_se","postprob","postprob_se","postsup","postsup_se","model","category","effectsize","controlprob","sampsize","design","prior"
"1",-0.000206711779592509,0.0105801311517224,-0.000206690416184596,0.0105781000944994,0.952,0.0067632641336665,0.111827278742218,0.00503413706174802,0.580807,0.00887170977547958,0.085,0.00882342636694224,"Dirichlet (1)",10,"Small [OR = 1.10]","Uniform",100,"Fixed","Alpha"
"2",0.0027754880973152,0.0115816566217719,0.00277934333029695,0.0116140120570197,0.939,0.0075720760915573,0.134008338668707,0.00607466432100947,0.57787995,0.00908886331737365,0.099,0.00944924802766279,"Dirichlet (0)",10,"Small [OR = 1.10]","Uniform",100,"Fixed","Alpha"
"3",0.000770519232389634,0.0110128943570458,0.00077081615859085,0.0110215467848226,0.948,0.00702462421381771,0.121163151977219,0.00547375234280015,0.5791865,0.00895824680049007,0.087,0.00891686663074587,"Dirichlet (0.5)",10,"Small [OR = 1.10]","Uniform",100,"Fixed","Alpha"
"4",0.0014771361813409,0.0114544965639293,0.00147822768435663,0.0114715981640625,0.944,0.00727440148169693,0.131076467972834,0.0059422353314266,0.57766825,0.00905687480622834,0.094,0.00923305200078772,"Dirichlet (1/J)",10,"Small [OR = 1.10]","Uniform",100,"Fixed","Alpha"
"5",0.00692914524476578,0.0121163276627678,0.00695320731610009,0.0122007588515794,0.932,0.00796488791129144,0.146706603689344,0.00664268090566142,0.5789733,0.00924862732947927,0.105,0.00969892102602501,"Normal",10,"Small [OR = 1.10]","Uniform",100,"Fixed","Alpha"
"6",0.00132148834242955,NA,0.00132236189290228,NA,0.944,NA,0.130083083524388,NA,NA,NA,NA,NA,"Frequentist",10,"Small [OR = 1.10]","Uniform",100,"Fixed","Alpha"
