"","bias","bias_se","relbias","relbias_se","coverage","coverage_se","mse","mse_se","postprob","postprob_se","postsup","postsup_se","model","category","effectsize","controlprob","sampsize","design","prior"
"1",-0.0296872572477768,0.00487223964964936,-0.0292509191808169,0.00472973084638209,0.946,0.00715088352129531,0.0245963137273074,0.00106929352879251,0.44785655,0.00901956311904607,0.031,0.00548352706467919,"Dirichlet (1)",10,"None [OR = 1.00]","Skewed",500,"Fixed","Alpha"
"2",0.000640773522988569,0.00504705902520586,0.000640978862198827,0.00505028469179936,0.931,0.00801893405031494,0.0254477425898158,0.00113143983687718,0.5022253,0.00930436061970153,0.059,0.00745483565040668,"Dirichlet (0)",10,"None [OR = 1.00]","Skewed",500,"Fixed","Alpha"
"3",-0.0149520149382486,0.00493232438630796,-0.0148407886055226,0.0048591326987359,0.947,0.00708810561724633,0.0245270587786301,0.00106110264426546,0.47472295,0.00912370383465289,0.039,0.00612507277642612,"Dirichlet (0.5)",10,"None [OR = 1.00]","Skewed",500,"Fixed","Alpha"
"4",-0.00364981859782952,0.00500870808036446,-0.00364316610585502,0.00499046275854989,0.933,0.00791034598317827,0.025075390653471,0.00109328666511141,0.49603195,0.00929301120945388,0.055,0.00721297629463919,"Dirichlet (1/J)",10,"None [OR = 1.00]","Skewed",500,"Fixed","Alpha"
"5",0.000162248802828012,0.00502513885240018,0.000162261965876986,0.00502596249854618,0.946,0.00715088352129531,0.0252267947900899,0.00108757200240728,0.5018362,0.00922239589996524,0.051,0.00696042006257146,"Normal",10,"None [OR = 1.00]","Skewed",500,"Fixed","Alpha"
"6",0.00023013408500243,NA,0.000230160567882498,NA,0.948,NA,0.0247731320653656,NA,NA,NA,NA,NA,"Frequentist",10,"None [OR = 1.00]","Skewed",500,"Fixed","Alpha"
