"","bias","bias_se","relbias","relbias_se","coverage","coverage_se","mse","mse_se","postprob","postprob_se","postsup","postsup_se","model","category","effectsize","controlprob","sampsize","design","prior","stopping","stopping_se"
"1",0.0082149928530188,0.00539468694667857,0.00824882849653279,0.00543900078999634,0.946,0.00715088352129531,0.0291410307129866,0.00164022580872934,0.6721408,0.00849282938815897,0.149,0.0112661406846323,"R-square",10,"Small [OR = 1.10]","Skewed",500,"Adaptive","Beta",0.026,0.00503481373531825
"2",-0.0270792553806499,0.0050124307269985,-0.0267158995344078,0.00487843935913194,0.944,0.00727440148169693,0.0258326234031362,0.00132736478157249,0.62165205,0.00872418424232267,0.107,0.00977991035984725,"Normal - large SD",10,"Small [OR = 1.10]","Skewed",500,"Adaptive","Beta",0.013,0.00358383088940366
"3",-0.0273031444754481,0.00498884709171072,-0.0269337828388845,0.00485440143285816,0.945,0.00721297629463904,0.0256091684074132,0.00131101699513415,0.62146175,0.00871306476402065,0.105,0.00969892102602501,"Normal - small SD",10,"Small [OR = 1.10]","Skewed",500,"Adaptive","Beta",0.013,0.00358383088940366
"4",-0.0270533001992114,0.00500887590587006,-0.0266906374411493,0.00487510561168293,0.943,0.00733517585370755,0.0257956300542338,0.00132747460159435,0.62167415,0.00871998607059375,0.103,0.00961683333969566,"Laplace - large SD",10,"Small [OR = 1.10]","Skewed",500,"Adaptive","Beta",0.013,0.00358383088940366
"5",-0.031406706048062,0.00471520070125637,-0.0309186383334764,0.00456934077708171,0.949,0.00696042006257131,0.0231972657202648,0.00120000436785313,0.61938555,0.00855134838214721,0.095,0.00927691010310327,"Laplace - small SD",10,"Small [OR = 1.10]","Skewed",500,"Adaptive","Beta",0.011,0.00329998331660781
"6",-0.027999268987544,0.00494437868163637,-0.0276109223704852,0.00480778703060738,0.945,0.00721297629463904,0.0252063927307096,0.00128456194242198,0.62104955,0.00870029337534749,0.104,0.00965801621852429,"Cauchy",10,"Small [OR = 1.10]","Skewed",500,"Adaptive","Beta",0.013,0.00358383088940366
"7",0.00690077499641098,NA,0.00692464020875679,NA,0.945,NA,0.0284313126790638,NA,NA,NA,NA,NA,"Frequentist",10,"Small [OR = 1.10]","Skewed",500,"Adaptive","Beta",0.023,NA
