"","bias","bias_se","relbias","relbias_se","coverage","coverage_se","mse","mse_se","postprob","postprob_se","postsup","postsup_se","model","category","effectsize","controlprob","sampsize","design","prior","stopping","stopping_se"
"1",0.0269846981462681,0.00566403772127873,0.0273520822519194,0.00581884882771367,0.962,0.00604918115058484,0.0327774159188055,0.00150852248868739,0.96929845,0.00229007259439194,0.836,0.0117150006931812,"R-square",10,"Moderate [OR = 1.50]","Symmetric",500,"Adaptive","Beta",0.296,0.0144427349415747
"2",0.0550452971783801,0.00600559405127728,0.0565884740681226,0.00634530084291974,0.955,0.00655881224140591,0.0390610774902845,0.00182542568466178,0.97288355,0.00215913686316799,0.856,0.0111079875489389,"Normal - large SD",10,"Moderate [OR = 1.50]","Symmetric",500,"Adaptive","Beta",0.333,0.0149108461642297
"3",0.0527549910926502,0.00594385113437107,0.0541713321099143,0.00626570686770694,0.956,0.00648892179842724,0.0380771260264423,0.00177622528668525,0.9727146,0.002156924390113,0.852,0.0112348663642349,"Normal - small SD",10,"Moderate [OR = 1.50]","Symmetric",500,"Adaptive","Beta",0.338,0.014965960710224
"4",0.054634453290296,0.005994828285835,0.0561544703113318,0.00633132349571588,0.956,0.00648892179842724,0.0388869516968002,0.00182144475842364,0.9728066,0.00216121729857306,0.851,0.011266140684632,"Laplace - large SD",10,"Moderate [OR = 1.50]","Symmetric",500,"Adaptive","Beta",0.334,0.0149220195237334
"5",0.0357876847749619,0.00586320622147002,0.0364357720349944,0.00607668854528587,0.956,0.00648892179842724,0.0356235683898413,0.00164483695083755,0.97070225,0.00219742159452874,0.841,0.0115694793682709,"Laplace - small SD",10,"Moderate [OR = 1.50]","Symmetric",500,"Adaptive","Beta",0.302,0.01452608023546
"6",0.0473480193391446,0.00587082198395086,0.0484868392889003,0.00615535142853342,0.96,0.00619987406633689,0.0366739191518135,0.0017060306076088,0.97240345,0.00216117592457774,0.854,0.0111717862854975,"Cauchy",10,"Moderate [OR = 1.50]","Symmetric",500,"Adaptive","Beta",0.327,0.0148422131534116
"7",0.0505964806113136,NA,0.0518983462548449,NA,0.955,NA,0.0397372853918465,NA,NA,NA,NA,NA,"Frequentist",10,"Moderate [OR = 1.50]","Symmetric",500,"Adaptive","Beta",0.312,NA
