"","bias","bias_se","relbias","relbias_se","coverage","coverage_se","mse","mse_se","postprob","postprob_se","postsup","postsup_se","model","category","effectsize","controlprob","sampsize","design","prior","stopping","stopping_se"
"1",0.0137728239922127,0.0123460646555348,0.0138681062653785,0.0125162509881552,0.945,0.00721297629463904,0.152462577846888,0.00873295604691523,0.5050337,0.00931418036007948,0.054,0.00715088352129551,"Dirichlet (1)",4,"None [OR = 1.00]","Symmetric",100,"Adaptive","Alpha",0.012,0.00344497719409982
"2",0.017449294810903,0.0129135820513635,0.0176024231193137,0.0131395449634636,0.94,0.0075137511574748,0.166898318685299,0.0100108462485587,0.50612355,0.00938525418483761,0.056,0.00727440148169708,"Dirichlet (0)",4,"None [OR = 1.00]","Symmetric",100,"Adaptive","Alpha",0.013,0.00358383088940366
"3",0.0162977771689711,0.0126480509738095,0.016431310384514,0.0128546773720864,0.94,0.0075137511574748,0.160078837783297,0.00936342121401996,0.5057483,0.00935840390963365,0.055,0.00721297629463919,"Dirichlet (0.5)",4,"None [OR = 1.00]","Symmetric",100,"Adaptive","Alpha",0.013,0.00358383088940366
"4",0.0163572274433883,0.0127550395651633,0.0164917393010826,0.0129641277820454,0.943,0.00733517585370755,0.162795902164207,0.00964124524872681,0.5056196,0.00936035521043438,0.059,0.00745483565040668,"Dirichlet (1/J)",4,"None [OR = 1.00]","Symmetric",100,"Adaptive","Alpha",0.013,0.00358383088940366
"5",0.0215593298821335,0.0133536853180966,0.0217934114217078,0.0136430481851288,0.933,0.00791034598317827,0.178607395368142,0.0109163967956236,0.50708525,0.00948353862436256,0.063,0.0076870078762864,"Normal",4,"None [OR = 1.00]","Symmetric",100,"Adaptive","Alpha",0.017,0.00408995448968907
"6",0.0141873265775179,NA,0.0142884443261722,NA,0.946,NA,0.156562297419514,NA,NA,NA,NA,NA,"Frequentist",4,"None [OR = 1.00]","Symmetric",100,"Adaptive","Alpha",0.009,NA
