"","bias","bias_se","relbias","relbias_se","coverage","coverage_se","mse","mse_se","postprob","postprob_se","postsup","postsup_se","model","category","effectsize","controlprob","sampsize","design","prior","stopping","stopping_se"
"1",0.00435202505470774,0.00497457739634256,0.00436150886868703,0.00499614159890948,0.949,0.00696042006257131,0.0247406139740069,0.00135647590288909,0.50295155,0.00909807922699725,0.054,0.00715088352129551,"Dirichlet (1)",30,"None [OR = 1.00]","Symmetric",500,"Adaptive","Alpha",0.008,0.0028185003005045
"2",0.00449376017421991,0.00519397243460893,0.00450387225588766,0.00521720866451443,0.944,0.00727440148169693,0.0269705661823293,0.0015125046361036,0.50252005,0.00916562007787306,0.058,0.00739531545579303,"Dirichlet (0)",30,"None [OR = 1.00]","Symmetric",500,"Adaptive","Alpha",0.011,0.00329998331660781
"3",0.00432372454425991,0.00507220277242968,0.00433308532751431,0.00509403883896365,0.948,0.00702462421381771,0.0257202083176133,0.00142551427702385,0.5025451,0.009114349860213,0.055,0.00721297629463919,"Dirichlet (0.5)",30,"None [OR = 1.00]","Symmetric",500,"Adaptive","Alpha",0.008,0.0028185003005045
"4",0.00461984248132627,0.00520312848344,0.00463053040610695,0.00522705878061907,0.945,0.00721297629463904,0.0270668164137217,0.00151949193659118,0.50235735,0.00915727402866778,0.059,0.00745483565040668,"Dirichlet (1/J)",30,"None [OR = 1.00]","Symmetric",500,"Adaptive","Alpha",0.01,0.00314800093867678
"5",0.00566808448992547,0.00551328751663705,0.00568417847380331,0.00554439999356412,0.94,0.0075137511574748,0.0303980700836498,0.00178357769336305,0.5020912,0.00931429466802088,0.062,0.00762982399628031,"Normal",30,"None [OR = 1.00]","Symmetric",500,"Adaptive","Alpha",0.012,0.00344497719409982
"6",0.00394939321865073,NA,0.00395720234910635,NA,0.948,NA,0.0265728224314379,NA,NA,NA,NA,NA,"Frequentist",30,"None [OR = 1.00]","Symmetric",500,"Adaptive","Alpha",0.007,NA
