"","bias","bias_se","relbias","relbias_se","coverage","coverage_se","mse","mse_se","postprob","postprob_se","postsup","postsup_se","model","category","effectsize","controlprob","sampsize","design","prior","stopping","stopping_se"
"1",-0.0639100045942473,0.0119884097025307,-0.0619105805300933,0.0112454528744433,0.939,0.0075720760915573,0.147662733915774,0.00817273395599534,0.5200766,0.00894662407698091,0.057,0.00733517585370689,"Dirichlet (1)",4,"Weak [OR = 1.10]","Skewed",100,"Adaptive","Alpha",0.009,0.00298796384314267
"2",0.0202231757095795,0.013793058385574,0.0204290495934071,0.0140724758870859,0.917,0.00872852720607456,0.190467188004006,0.0126666951938101,0.57264045,0.00911069346409443,0.101,0.00953361892934096,"Dirichlet (0)",4,"Weak [OR = 1.10]","Skewed",100,"Adaptive","Alpha",0.036,0.00589395781616552
"3",-0.028836776679941,0.012578429347375,-0.028424964772034,0.012219659107874,0.938,0.00762982399628094,0.158890227651347,0.00959663462303758,0.54400905,0.0089918950581807,0.07,0.00807249435832357,"Dirichlet (0.5)",4,"Weak [OR = 1.10]","Skewed",100,"Adaptive","Alpha",0.013,0.00358383088940366
"4",-0.00631509308178598,0.0131761910430234,-0.00629519479002552,0.0130914487599992,0.93,0.00807249435832334,0.173478278792479,0.0110359983297122,0.55671965,0.00901684163160176,0.084,0.00877616208949116,"Dirichlet (1/J)",4,"Weak [OR = 1.10]","Skewed",100,"Adaptive","Alpha",0.021,0.00453647215130653
"5",0.0162697686252567,0.0137919948789621,0.0164028420224047,0.0140158334659168,0.92,0.00858333697775349,0.190293608989695,0.0127098938805123,0.5692999,0.0090551709296709,0.09,0.0090543902048664,"Normal",4,"Weak [OR = 1.10]","Skewed",100,"Adaptive","Alpha",0.027,0.00512808904927531
"6",0.00517168329596784,NA,0.00518507953376833,NA,0.934,NA,0.166306138129672,NA,NA,NA,NA,NA,"Frequentist",4,"Weak [OR = 1.10]","Skewed",100,"Adaptive","Alpha",0.014,NA
