"","bias","bias_se","relbias","relbias_se","coverage","coverage_se","mse","mse_se","postprob","postprob_se","postsup","postsup_se","model","category","effectsize","controlprob","sampsize","design","prior"
"1",-0.00867384061402863,0.0110078991769197,-0.00863633138656095,0.0109127562864002,0.946,0.00715088352129531,0.121127905955938,0.00558002819241016,0.78927285,0.00694472781790938,0.299,0.0144847785212209,"R-square",10,"Moderate [OR = 1.50]","Skewed",100,"Fixed","Beta"
"2",-0.142823150767585,0.0102529733120302,-0.133092632757787,0.00888829434432887,0.941,0.00745483565040652,0.125416790670646,0.00555476676116316,0.71184975,0.00774815673985133,0.172,0.0119397888824954,"Normal - large SD",10,"Moderate [OR = 1.50]","Skewed",100,"Fixed","Beta"
"3",-0.147543263743134,0.0100652300346613,-0.137174891529996,0.00868445330832385,0.945,0.00721297629463904,0.122976561470973,0.0054275143635806,0.71091645,0.0077158921696633,0.169,0.0118566259778899,"Normal - small SD",10,"Moderate [OR = 1.50]","Skewed",100,"Fixed","Beta"
"4",-0.143485280572646,0.0102234826202111,-0.133666447972822,0.0088568536398015,0.945,0.00721297629463904,0.125003103029884,0.00553145913741747,0.71158505,0.0077359963533198,0.169,0.0118566259778899,"Laplace - large SD",10,"Moderate [OR = 1.50]","Skewed",100,"Fixed","Beta"
"5",-0.172579255454509,0.00925071299090099,-0.158508406629878,0.00778415263719184,0.941,0.00745483565040652,0.115273714562417,0.00484172130853204,0.7036858,0.00747099915920205,0.152,0.0113589183034753,"Laplace - small SD",10,"Moderate [OR = 1.50]","Skewed",100,"Fixed","Beta"
"6",-0.155693832481139,0.00975173572811582,-0.144178825090895,0.00834565200272412,0.944,0.00727440148169693,0.119241822833965,0.00522391416663327,0.7091278,0.00764855075624341,0.161,0.0116281646967273,"Cauchy",10,"Moderate [OR = 1.50]","Skewed",100,"Fixed","Beta"
"7",0.0053205292817634,NA,0.00533470843339279,NA,0.943,NA,0.130863120813615,NA,NA,NA,NA,NA,"Frequentist",10,"Moderate [OR = 1.50]","Skewed",100,"Fixed","Beta"
