"","bias","bias_se","relbias","relbias_se","coverage","coverage_se","mse","mse_se","postprob","postprob_se","postsup","postsup_se","model","category","effectsize","controlprob","sampsize","design","prior","stopping","stopping_se"
"1",0.00019170851000534,0.00986164580959539,0.000191726887255994,0.00986337952257761,0.958,0.00634635929303435,0.0971548427679893,0.00489971666359726,0.49977445,0.00882950777122822,0.042,0.00634635929303382,"R-square",10,"None [OR = 1.00]","Symmetric",100,"Adaptive","Beta",0.004,0.00199699473909873
"2",0.00172654613473441,0.0112911749970779,0.001728037473677,0.0113101850224697,0.945,0.00721297629463904,0.127366123143377,0.00688698833289427,0.49886925,0.00919499685258546,0.055,0.00721297629463919,"Normal - large SD",10,"None [OR = 1.00]","Symmetric",100,"Adaptive","Beta",0.008,0.0028185003005045
"3",0.0010001910609841,0.0110131379537796,0.00100069141886716,0.0110237606896453,0.946,0.00715088352129531,0.121168918763551,0.00640858171981615,0.49905345,0.00914138537214791,0.05,0.00689547297489795,"Normal - small SD",10,"None [OR = 1.00]","Symmetric",100,"Adaptive","Beta",0.007,0.00263779414624378
"4",0.00124703558476596,0.0112033443761145,0.00124781345695202,0.011216865806001,0.945,0.00721297629463904,0.125390965382356,0.00676591769713524,0.499049,0.00917660574842689,0.053,0.00708810561724648,"Laplace - large SD",10,"None [OR = 1.00]","Symmetric",100,"Adaptive","Beta",0.007,0.00263779414624378
"5",0.000255494722576619,0.00988240961243433,0.000255527364133146,0.00988461203094977,0.959,0.00627362402111862,0.0975644230057397,0.00550897385329314,0.4989662,0.00878136197754884,0.032,0.00556839357508132,"Laplace - small SD",10,"None [OR = 1.00]","Symmetric",100,"Adaptive","Beta",0.006,0.00244335219932984
"6",0.000847406458626582,0.0106485947112022,0.000847765608921192,0.0106572571469028,0.946,0.00715088352129531,0.113279894851825,0.00599757349057238,0.49888575,0.00905375935470398,0.047,0.006695956678163,"Cauchy",10,"None [OR = 1.00]","Symmetric",100,"Adaptive","Beta",0.007,0.00263779414624378
"7",0.00356913169979448,NA,0.00357550863478973,NA,0.939,NA,0.14095020336812,NA,NA,NA,NA,NA,"Frequentist",10,"None [OR = 1.00]","Symmetric",100,"Adaptive","Beta",0.008,NA
