"","bias","bias_se","relbias","relbias_se","coverage","coverage_se","mse","mse_se","postprob","postprob_se","postsup","postsup_se","model","category","effectsize","controlprob","sampsize","design","prior","stopping","stopping_se"
"1",-0.0173741738624632,0.0111069939300802,-0.0172241132204632,0.0109154415870777,0.953,0.0066959566781636,0.12354381076608,0.00620537343212737,0.48361375,0.00897182394936593,0.042,0.00634635929303382,"R-square",10,"None [OR = 1.00]","Skewed",100,"Adaptive","Beta",0.005,0.00223158687484489
"2",-0.15183243593099,0.0101427616576463,-0.140867771627435,0.00871402487068126,0.945,0.00721297629463904,0.125825827030514,0.00570760625036946,0.3722268,0.00841112095278877,0.015,0.00384574957450297,"Normal - large SD",10,"None [OR = 1.00]","Skewed",100,"Adaptive","Beta",0,0
"3",-0.148948141889464,0.00996418168343834,-0.138386204596133,0.00858532493748163,0.948,0.00702462421381771,0.121371180676272,0.00550054413749743,0.3730207,0.00837678741128388,0.014,0.00371723254825654,"Normal - small SD",10,"None [OR = 1.00]","Skewed",100,"Adaptive","Beta",0,0
"4",-0.15122372411393,0.0101188444048396,-0.140344648488142,0.00869877590773569,0.946,0.00715088352129531,0.125157235812152,0.00568510612840951,0.37253785,0.00840809576445593,0.012,0.00344497719409982,"Laplace - large SD",10,"None [OR = 1.00]","Skewed",100,"Adaptive","Beta",0,0
"5",-0.133777915626852,0.00900552972162092,-0.125215681040777,0.00787806407252689,0.962,0.00604918115058484,0.0989149967108959,0.00483327910114664,0.37761975,0.0080566814137609,0.009,0.00298796384314267,"Laplace - small SD",10,"None [OR = 1.00]","Skewed",100,"Adaptive","Beta",0,0
"6",-0.144325972756782,0.00964977257207322,-0.134394461758238,0.00835295351932209,0.951,0.00682976175614081,0.113854978994235,0.00519357154946511,0.3739765,0.00829732387437217,0.012,0.00344497719409982,"Cauchy",10,"None [OR = 1.00]","Skewed",100,"Adaptive","Beta",0,0
"7",-0.0166310588024622,NA,-0.0164935262369169,NA,0.95,NA,0.13549854875079,NA,NA,NA,NA,NA,"Frequentist",10,"None [OR = 1.00]","Skewed",100,"Adaptive","Beta",0.006,NA
