"","bias","bias_se","relbias","relbias_se","coverage","coverage_se","mse","mse_se","postprob","postprob_se","postsup","postsup_se","model","category","effectsize","controlprob","sampsize","design","prior","stopping","stopping_se"
"1",-0.150539233586529,0.0101997839538474,-0.139756021111253,0.00877425603992425,0.944,0.00727440148169693,0.126593617961276,0.0058495615517034,0.45198645,0.0087334150704458,0.025,0.0049395748196985,"Dirichlet (1)",10,"Weak [OR = 1.10]","Skewed",100,"Adaptive","Alpha",0.002,0.00141350557055782
"2",0.058638050171432,0.0146440069834991,0.0603913628000922,0.0155272839102805,0.695,0.014566646394664,0.217670914520146,0.0112349857767306,0.60957805,0.0106430300809966,0.266,0.0139799656451449,"Dirichlet (0)",10,"Weak [OR = 1.10]","Skewed",100,"Adaptive","Alpha",0.166,0.0117721103708122
"3",-0.0882509352929023,0.0108801428363778,-0.0844688911708607,0.00996093248129882,0.951,0.00682976175614081,0.126047358211915,0.00619329917287241,0.50435165,0.00894931170452583,0.047,0.006695956678163,"Dirichlet (0.5)",10,"Weak [OR = 1.10]","Skewed",100,"Adaptive","Alpha",0.004,0.00199699473909873
"4",0.0408881222066847,0.0146731660150961,0.0417355519509513,0.0152842751431786,0.698,0.0145260802354592,0.216758337643254,0.0110071287969252,0.595041,0.0108348557633872,0.264,0.0139462718494403,"Dirichlet (1/J)",10,"Weak [OR = 1.10]","Skewed",100,"Adaptive","Alpha",0.173,0.01196721413756
"5",0.00131582452498115,0.0128741293958923,0.00131669060189819,0.0128897613277351,0.936,0.0077436402269192,0.165579195888656,0.00980580965167498,0.56496355,0.00922396904558182,0.097,0.00936368937324811,"Normal",10,"Weak [OR = 1.10]","Skewed",100,"Adaptive","Alpha",0.019,0.00431945108291062
"6",-0.0104491958754917,NA,-0.0103947926830273,NA,0.947,NA,0.13921329438983,NA,NA,NA,NA,NA,"Frequentist",10,"Weak [OR = 1.10]","Skewed",100,"Adaptive","Alpha",0.01,NA
